year,date,revenue
2014,2014-01-01,12928.258796999999
2014,2014-01-02,15084.100067999998
2014,2014-01-03,14423.363162999998
2014,2014-01-04,14084.232049999999
2014,2014-01-05,12343.448452999999
2014,2014-01-06,14129.756610000002
2014,2014-01-07,14125.260040000001
2014,2014-01-08,14135.524136
2014,2014-01-09,14136.670625999997
2014,2014-01-10,13709.239428999997
2014,2014-01-11,15073.514661999998
2014,2014-01-12,13546.265221999998
2014,2014-01-13,15661.403998
2014,2014-01-14,14722.672513999998
2014,2014-01-15,14128.818290999998
2014,2014-01-16,13665.884597999999
2014,2014-01-17,13946.99253
2014,2014-01-18,13907.543094999997
2014,2014-01-19,13637.192881
2014,2014-01-20,15247.507822000001
2014,2014-01-21,13403.520704000004
2014,2014-01-22,13338.076817
2014,2014-01-23,13373.300002999998
2014,2014-01-24,13962.745557
2014,2014-01-25,14120.609370999997
2014,2014-01-26,12736.821581999999
2014,2014-01-27,14330.771044000001
2014,2014-01-28,13720.006026999998
2014,2014-01-29,13726.989557999997
2014,2014-01-30,13362.159080999996
2014,2014-01-31,11953.323461
2014,2014-02-01,14796.209713999997
2014,2014-02-02,13331.499445000001
2014,2014-02-03,16132.615562999998
2014,2014-02-04,15089.850117999997
2014,2014-02-05,14184.101730999997
2014,2014-02-06,14548.803133000001
2014,2014-02-07,15505.795294999998
2014,2014-02-08,16726.528739999994
2014,2014-02-09,15334.289243000001
2014,2014-02-10,17127.952416999993
2014,2014-02-11,16631.773252000003
2014,2014-02-12,16338.238463999995
2014,2014-02-13,15952.198036999998
2014,2014-02-14,16000.625596
2014,2014-02-15,18248.002769000002
2014,2014-02-16,16361.159574999998
2014,2014-02-17,19618.981699999997
2014,2014-02-18,17452.479976999995
2014,2014-02-19,16715.006015999996
2014,2014-02-20,16715.266885999994
2014,2014-02-21,17277.908374
2014,2014-02-22,17115.437787999996
2014,2014-02-23,15942.705826
2014,2014-02-24,18224.690855
2014,2014-02-25,17357.336926999997
2014,2014-02-26,16465.339043999997
2014,2014-02-27,15677.598677999995
2014,2014-02-28,15090.388374
2014,2014-03-01,16221.994591000002
2014,2014-03-02,15259.273681000002
2014,2014-03-03,16641.124677
2014,2014-03-04,16299.584764000003
2014,2014-03-05,15894.816823999998
2014,2014-03-06,16901.696464999997
2014,2014-03-07,16218.645342999998
2014,2014-03-08,17671.962103999995
2014,2014-03-09,15994.592318999996
2014,2014-03-10,19573.891773
2014,2014-03-11,17561.689243
2014,2014-03-12,17264.752289999997
2014,2014-03-13,17658.029690999996
2014,2014-03-14,17303.210672999998
2014,2014-03-15,17565.099220000004
2014,2014-03-16,16243.934487999997
2014,2014-03-17,17841.656148000002
2014,2014-03-18,17256.385652
2014,2014-03-19,20423.856204
2014,2014-03-20,17994.847520999996
2014,2014-03-21,15393.914818999998
2014,2014-03-22,14809.709831999999
2014,2014-03-23,13748.509068000003
2014,2014-03-24,16114.020358
2014,2014-03-25,15239.402025
2014,2014-03-26,14399.941516000003
2014,2014-03-27,14943.298003000002
2014,2014-03-28,15103.26807
2014,2014-03-29,15900.164222999996
2014,2014-03-30,14367.018116
2014,2014-03-31,13736.760813999997
2014,2014-04-01,16743.371014999997
2014,2014-04-02,16099.2434524999
2014,2014-04-03,15732.099313000004
2014,2014-04-04,15835.330801000002
2014,2014-04-05,15551.802394999999
2014,2014-04-06,14043.945024
2014,2014-04-07,19087.328768
2014,2014-04-08,18072.580377
2014,2014-04-09,17757.382118
2014,2014-04-10,16747.579332000005
2014,2014-04-11,16849.728983000005
2014,2014-04-12,16787.612778
2014,2014-04-13,16126.384848999998
2014,2014-04-14,19743.512372
2014,2014-04-15,18920.202957999998
2014,2014-04-16,18034.83006
2014,2014-04-17,17378.455145000004
2014,2014-04-18,17820.698025
2014,2014-04-19,16818.941292000003
2014,2014-04-20,14304.839993
2014,2014-04-21,20254.097520000003
2014,2014-04-22,20599.257322000005
2014,2014-04-23,18659.511682999993
2014,2014-04-24,18531.094729
2014,2014-04-25,18361.840038999995
2014,2014-04-26,17535.795324
2014,2014-04-27,16830.808542
2014,2014-04-28,18944.603592
2014,2014-04-29,16686.072082
2014,2014-04-30,14060.499187999998
2014,2014-05-01,15915.928494999996
2014,2014-05-02,15699.644915
2014,2014-05-03,15347.011699999997
2014,2014-05-04,13746.504570000001
2014,2014-05-05,18643.991234
2014,2014-05-06,18171.671635999995
2014,2014-05-07,17843.027643
2014,2014-05-08,17537.802593
2014,2014-05-09,16811.591041
2014,2014-05-10,16635.232648999998
2014,2014-05-11,14778.706914999999
2014,2014-05-12,19955.087283999997
2014,2014-05-13,20495.311766
2014,2014-05-14,19589.918359999996
2014,2014-05-15,18929.127826
2014,2014-05-16,18024.739474
2014,2014-05-17,17169.396268999997
2014,2014-05-18,16507.182205
2014,2014-05-19,20233.508891999994
2014,2014-05-20,19534.938793999998
2014,2014-05-21,19305.145520000005
2014,2014-05-22,19166.504578
2014,2014-05-23,18906.359004999991
2014,2014-05-24,18244.70135
2014,2014-05-25,16129.845999
2014,2014-05-26,19487.718430999998
2014,2014-05-27,21442.904332499889
2014,2014-05-28,19601.184129000005
2014,2014-05-29,17996.063552999996
2014,2014-05-30,16836.043174999995
2014,2014-05-31,14198.748600999998
2014,2014-06-01,15302.355473000003
2014,2014-06-02,19837.015507
2014,2014-06-03,18987.623233
2014,2014-06-04,18330.954264999997
2014,2014-06-05,17665.992511999997
2014,2014-06-06,16840.256189999996
2014,2014-06-07,16409.524008215296
2014,2014-06-08,15157.584513
2014,2014-06-09,20567.712404999995
2014,2014-06-10,19896.557850999998
2014,2014-06-11,18963.6600088195
2014,2014-06-12,18364.867864999997
2014,2014-06-13,18203.050075999996
2014,2014-06-14,18156.346777999996
2014,2014-06-15,16438.792675999997
2014,2014-06-16,19913.581687
2014,2014-06-17,20364.765040000002
2014,2014-06-18,20369.705641
2014,2014-06-19,19953.386337
2014,2014-06-20,19299.028853000003
2014,2014-06-21,19200.559659000006
2014,2014-06-22,18101.735044
2014,2014-06-23,21875.4610777054
2014,2014-06-24,20931.849066999996
2014,2014-06-25,20361.480347161298
2014,2014-06-26,19912.031483999996
2014,2014-06-27,20161.420524999998
2014,2014-06-28,19533.674687996892
2014,2014-06-29,17961.016512054608
2014,2014-06-30,18268.515128000003
2014,2014-07-01,19945.543021000005
2014,2014-07-02,20202.301723999997
2014,2014-07-03,18770.412932000003
2014,2014-07-04,16689.801172000003
2014,2014-07-05,18959.275547470294
2014,2014-07-06,17668.615120846298
2014,2014-07-07,23025.808286279396
2014,2014-07-08,21525.826672
2014,2014-07-09,20180.56673
2014,2014-07-10,19260.581695999997
2014,2014-07-11,18931.387831999997
2014,2014-07-12,18429.490522999997
2014,2014-07-13,17249.959363
2014,2014-07-14,22029.462413
2014,2014-07-15,20674.503355000004
2014,2014-07-16,20348.493029
2014,2014-07-17,19171.787951000002
2014,2014-07-18,18927.475446999997
2014,2014-07-19,18806.983463999997
2014,2014-07-20,17571.1116
2014,2014-07-21,21206.323945
2014,2014-07-22,20736.016867000002
2014,2014-07-23,20070.862121999995
2014,2014-07-24,18596.246021
2014,2014-07-25,18331.588796999997
2014,2014-07-26,17787.230779
2014,2014-07-27,16065.160650000002
2014,2014-07-28,19384.267696000003
2014,2014-07-29,18247.295288
2014,2014-07-30,17092.348718999998
2014,2014-07-31,14487.763064999996
2014,2014-08-01,17754.584115999998
2014,2014-08-02,17287.055901999996
2014,2014-08-03,15787.837597999996
2014,2014-08-04,19914.767133999998
2014,2014-08-05,19158.07343
2014,2014-08-06,18639.186526
2014,2014-08-07,18745.786580000004
2014,2014-08-08,18958.388757
2014,2014-08-09,18663.193310000002
2014,2014-08-10,17189.565046
2014,2014-08-11,22071.290467999996
2014,2014-08-12,20416.103667
2014,2014-08-13,20628.109687
2014,2014-08-14,19288.831332000005
2014,2014-08-15,19582.801645000003
2014,2014-08-16,19725.190998
2014,2014-08-17,17491.658926
2014,2014-08-18,22348.532166
2014,2014-08-19,21626.854647
2014,2014-08-20,20994.343514
2014,2014-08-21,21512.101468
2014,2014-08-22,20920.225190999998
2014,2014-08-23,21034.685234
2014,2014-08-24,17419.658416000002
2014,2014-08-25,22396.293590999998
2014,2014-08-26,21221.588949999998
2014,2014-08-27,20021.700412
2014,2014-08-28,19375.778285
2014,2014-08-29,20025.241961
2014,2014-08-30,19591.635655000002
2014,2014-08-31,14963.021079000002
2014,2014-09-01,19982.921173000002
2014,2014-09-02,20287.909067999997
2014,2014-09-03,19326.621865999998
2014,2014-09-04,19493.322497999998
2014,2014-09-05,19155.350406
2014,2014-09-06,20009.076951
2014,2014-09-07,18029.216504
2014,2014-09-08,22145.36155799999
2014,2014-09-09,20235.450043
2014,2014-09-10,20564.919375999998
2014,2014-09-11,20051.757055000002
2014,2014-09-12,20228.619622999995
2014,2014-09-13,20550.187258999995
2014,2014-09-14,17720.483884999998
2014,2014-09-15,22758.389712000007
2014,2014-09-16,21393.447862000005
2014,2014-09-17,20907.919178999997
2014,2014-09-18,20614.833495999996
2014,2014-09-19,20728.082545999994
2014,2014-09-20,21366.085306000004
2014,2014-09-21,19116.847942999997
2014,2014-09-22,23692.371592000003
2014,2014-09-23,22118.028472000009
2014,2014-09-24,21592.973445000003
2014,2014-09-25,21587.745629000005
2014,2014-09-26,21375.562658
2014,2014-09-27,21054.771757000006
2014,2014-09-28,19678.386330999998
2014,2014-09-29,22912.041363
2014,2014-09-30,18823.045636000003
2014,2014-10-01,20268.451405
2014,2014-10-02,20305.645703
2014,2014-10-03,19921.935690000002
2014,2014-10-04,19845.428593
2014,2014-10-05,17884.583898000004
2014,2014-10-06,21407.817358
2014,2014-10-07,21528.042873
2014,2014-10-08,21437.514816000003
2014,2014-10-09,20996.973848999998
2014,2014-10-10,20656.276013
2014,2014-10-11,20805.053491
2014,2014-10-12,18418.594993999995
2014,2014-10-13,24465.715011999997
2014,2014-10-14,22117.048681
2014,2014-10-15,22497.951767
2014,2014-10-16,21133.645878
2014,2014-10-17,20526.625230999998
2014,2014-10-18,20885.450974
2014,2014-10-19,19050.109887
2014,2014-10-20,23759.378552000002
2014,2014-10-21,22496.756940000003
2014,2014-10-22,22148.572503000003
2014,2014-10-23,20927.754354000004
2014,2014-10-24,20343.779057
2014,2014-10-25,20491.753008
2014,2014-10-26,18938.159983999998
2014,2014-10-27,23672.207219999997
2014,2014-10-28,21996.034114000002
2014,2014-10-29,21301.379037999988
2014,2014-10-30,19943.462187999998
2014,2014-10-31,16706.619758999997
2014,2014-11-01,19960.967090999995
2014,2014-11-02,19058.704091
2014,2014-11-03,22362.140972999998
2014,2014-11-04,20959.707715999997
2014,2014-11-05,21900.189930999997
2014,2014-11-06,21995.456812999993
2014,2014-11-07,22140.729900999995
2014,2014-11-08,22990.913703000002
2014,2014-11-09,20102.032348999994
2014,2014-11-10,25611.021857999996
2014,2014-11-11,25046.108483
2014,2014-11-12,23868.000808
2014,2014-11-13,25338.632661999996
2014,2014-11-14,23398.262575999997
2014,2014-11-15,22930.260969999996
2014,2014-11-16,21221.264985999995
2014,2014-11-17,25086.046619000008
2014,2014-11-18,23305.144404000002
2014,2014-11-19,23069.715071000002
2014,2014-11-20,22296.099923
2014,2014-11-21,22437.004755999995
2014,2014-11-22,23232.835509
2014,2014-11-23,20860.053478
2014,2014-11-24,24334.665186
2014,2014-11-25,22187.946316999994
2014,2014-11-26,21335.929399999997
2014,2014-11-27,18406.346316
2014,2014-11-28,24740.547377000003
2014,2014-11-29,22061.623270999993
2014,2014-11-30,19374.903583
2014,2014-12-01,22166.302771000002
2014,2014-12-02,22554.653337000003
2014,2014-12-03,21106.836299
2014,2014-12-04,20468.902262
2014,2014-12-05,21117.114966999994
2014,2014-12-06,21073.945291
2014,2014-12-07,19224.053734
2014,2014-12-08,22634.307566
2014,2014-12-09,21131.689828
2014,2014-12-10,21174.928359000005
2014,2014-12-11,21054.269537
2014,2014-12-12,20833.359686000003
2014,2014-12-13,21674.981242
2014,2014-12-14,19332.285615999994
2014,2014-12-15,22815.273648000002
2014,2014-12-16,21974.335227
2014,2014-12-17,21960.233716000002
2014,2014-12-18,21807.691499
2014,2014-12-19,21661.356344
2014,2014-12-20,22276.662734999998
2014,2014-12-21,20193.364643999997
2014,2014-12-22,23715.039753
2014,2014-12-23,21672.595655999998
2014,2014-12-24,17394.961706000002
2014,2014-12-25,16933.938857999998
2014,2014-12-26,26910.360913999993
2014,2014-12-27,26965.329442000002
2014,2014-12-28,25618.805514999993
2014,2014-12-29,28537.832275
2014,2014-12-30,26200.077188000003
2014,2014-12-31,17811.834123999997
2015,2015-01-01,21075.02052
2015,2015-01-02,25225.670433000003
2015,2015-01-03,22721.211934
2015,2015-01-04,18829.249025
2015,2015-01-05,22837.278441000002
2015,2015-01-06,21387.060497000006
2015,2015-01-07,21445.523553
2015,2015-01-08,21145.279510999997
2015,2015-01-09,20890.083098000003
2015,2015-01-10,22079.824179999992
2015,2015-01-11,19035.472651999997
2015,2015-01-12,23742.800800999998
2015,2015-01-13,21150.222277999997
2015,2015-01-14,21542.991241999996
2015,2015-01-15,21524.216174999994
2015,2015-01-16,21610.661965000003
2015,2015-01-17,21794.755237999998
2015,2015-01-18,20053.005843
2015,2015-01-19,22702.657324
2015,2015-01-20,20892.053274000005
2015,2015-01-21,21851.163133000002
2015,2015-01-22,20652.373665
2015,2015-01-23,21050.009926
2015,2015-01-24,22113.970509999996
2015,2015-01-25,18106.599532999997
2015,2015-01-26,21054.583817000002
2015,2015-01-27,21420.880384
2015,2015-01-28,21428.556504
2015,2015-01-29,21817.839347
2015,2015-01-30,20579.830852
2015,2015-01-31,20207.06959599999
2015,2015-02-01,16269.840629
2015,2015-02-02,19315.382739000004
2015,2015-02-03,19807.543336000002
2015,2015-02-04,21065.522268999994
2015,2015-02-05,22212.548937
2015,2015-02-06,22073.674610999995
2015,2015-02-07,23354.578938999995
2015,2015-02-08,20605.807634999997
2015,2015-02-09,23842.185545
2015,2015-02-10,22499.155854999994
2015,2015-02-11,22802.289036
2015,2015-02-12,23210.470921999997
2015,2015-02-13,22778.159177
2015,2015-02-14,22957.841216000004
2015,2015-02-15,20912.326635000005
2015,2015-02-16,25786.279319999998
2015,2015-02-17,23883.609019999993
2015,2015-02-18,23828.47847
2015,2015-02-19,23828.536864
2015,2015-02-20,23972.676061000006
2015,2015-02-21,24068.217646
2015,2015-02-22,21009.168410000002
2015,2015-02-23,25218.859108549997
2015,2015-02-24,24416.761179
2015,2015-02-25,23727.927269999996
2015,2015-02-26,23209.200475999995
2015,2015-02-27,23039.362648
2015,2015-02-28,22178.034623
2015,2015-03-01,18940.581942
2015,2015-03-02,21332.753281000005
2015,2015-03-03,20684.524764
2015,2015-03-04,20531.986358000002
2015,2015-03-05,19741.538516
2015,2015-03-06,20105.807372000007
2015,2015-03-07,20660.582843
2015,2015-03-08,17560.845544999996
2015,2015-03-09,21893.077686
2015,2015-03-10,20760.025897999996
2015,2015-03-11,21095.192978000006
2015,2015-03-12,21123.11382
2015,2015-03-13,20928.975638999997
2015,2015-03-14,21647.580307999997
2015,2015-03-15,18500.167229000002
2015,2015-03-16,22481.866990999995
2015,2015-03-17,20825.168952999997
2015,2015-03-18,21815.776004999996
2015,2015-03-19,21871.994770000005
2015,2015-03-20,21963.091496999998
2015,2015-03-21,22009.554271999998
2015,2015-03-22,19141.473645999991
2015,2015-03-23,22899.024273999996
2015,2015-03-24,21560.217638999995
2015,2015-03-25,22537.450102
2015,2015-03-26,21766.597829999995
2015,2015-03-27,22668.647380000002
2015,2015-03-28,21820.436992999996
2015,2015-03-29,17575.460961
2015,2015-03-30,21449.148629000003
2015,2015-03-31,17589.600625000003
2015,2015-04-01,19295.438466
2015,2015-04-02,20037.680586000002
2015,2015-04-03,21263.277600999994
2015,2015-04-04,20663.853755000004
2015,2015-04-05,16385.801475000004
2015,2015-04-06,23231.947662
2015,2015-04-07,22316.272929999996
2015,2015-04-08,21788.258884
2015,2015-04-09,21207.569525
2015,2015-04-10,21827.869926999996
2015,2015-04-11,21441.643655000007
2015,2015-04-12,17941.690591000002
2015,2015-04-13,23636.74334400001
2015,2015-04-14,22424.136663999998
2015,2015-04-15,22414.249142999997
2015,2015-04-16,22836.840429999997
2015,2015-04-17,22056.217854
2015,2015-04-18,21571.952380000002
2015,2015-04-19,19219.913099
2015,2015-04-20,24674.517616999998
2015,2015-04-21,23528.014199999991
2015,2015-04-22,23469.496827
2015,2015-04-23,24801.396631999996
2015,2015-04-24,23670.678103999995
2015,2015-04-25,24061.812524
2015,2015-04-26,20502.671232999997
2015,2015-04-27,25091.602027
2015,2015-04-28,23244.509694999997
2015,2015-04-29,22151.440627999997
2015,2015-04-30,19510.630781000003
2015,2015-05-01,21228.477483000002
2015,2015-05-02,19869.773286
2015,2015-05-03,17645.919509
2015,2015-05-04,23699.974634999995
2015,2015-05-05,23081.810341999997
2015,2015-05-06,22998.552607999991
2015,2015-05-07,22015.116377999992
2015,2015-05-08,21525.068592
2015,2015-05-09,21025.735765999998
2015,2015-05-10,17412.850825999998
2015,2015-05-11,25439.037065999997
2015,2015-05-12,23962.15356
2015,2015-05-13,23453.648143999995
2015,2015-05-14,23215.295488
2015,2015-05-15,22861.718794999997
2015,2015-05-16,22380.094716999993
2015,2015-05-17,19324.683193999997
2015,2015-05-18,25443.426755000004
2015,2015-05-19,24899.804050000002
2015,2015-05-20,24328.380578999997
2015,2015-05-21,23993.907406000006
2015,2015-05-22,23570.173359
2015,2015-05-23,22321.388283
2015,2015-05-24,18410.584508
2015,2015-05-25,23846.705509999993
2015,2015-05-26,25493.488274999996
2015,2015-05-27,24274.795643
2015,2015-05-28,23448.800474000003
2015,2015-05-29,22388.233079
2015,2015-05-30,20368.702654999994
2015,2015-05-31,16482.296585000004
2015,2015-06-01,26127.057994
2015,2015-06-02,24849.060359000003
2015,2015-06-03,23328.614789
2015,2015-06-04,22524.192680999997
2015,2015-06-05,21838.794723000003
2015,2015-06-06,21718.876331999996
2015,2015-06-07,18707.085789
2015,2015-06-08,25420.905425999998
2015,2015-06-09,25850.608268999986
2015,2015-06-10,25699.214462000004
2015,2015-06-11,25578.486140999998
2015,2015-06-12,25626.764097
2015,2015-06-13,24027.40808
2015,2015-06-14,20134.344935
2015,2015-06-15,27667.859378
2015,2015-06-16,26057.573835
2015,2015-06-17,25631.465732999997
2015,2015-06-18,25555.261814999998
2015,2015-06-19,24968.770746999995
2015,2015-06-20,23012.258361000007
2015,2015-06-21,19751.809741000005
2015,2015-06-22,28623.428171000007
2015,2015-06-23,26971.328477000006
2015,2015-06-24,26242.317394
2015,2015-06-25,25403.158765
2015,2015-06-26,23788.528513
2015,2015-06-27,22676.603044
2015,2015-06-28,19348.153979999995
2015,2015-06-29,24746.558298999997
2015,2015-06-30,19293.638764
2015,2015-07-01,20298.695021999996
2015,2015-07-02,23017.032433999997
2015,2015-07-03,22494.791072
2015,2015-07-04,19406.392789
2015,2015-07-05,19160.704065
2015,2015-07-06,25852.330740999994
2015,2015-07-07,24698.241830000003
2015,2015-07-08,24675.303803
2015,2015-07-09,23480.111637000005
2015,2015-07-10,23853.459209999994
2015,2015-07-11,22465.813813
2015,2015-07-12,19233.833502
2015,2015-07-13,27227.909739000006
2015,2015-07-14,25634.179227
2015,2015-07-15,24853.442507000003
2015,2015-07-16,24189.696196999997
2015,2015-07-17,24275.527467
2015,2015-07-18,23279.944744
2015,2015-07-19,19783.920980000003
2015,2015-07-20,27279.035288000006
2015,2015-07-21,26749.94413399999
2015,2015-07-22,27185.782636
2015,2015-07-23,26386.29309
2015,2015-07-24,26472.365811
2015,2015-07-25,23987.088720999996
2015,2015-07-26,20479.321218999998
2015,2015-07-27,27299.892075000003
2015,2015-07-28,25905.890218
2015,2015-07-29,22948.238868999997
2015,2015-07-30,20608.284167
2015,2015-07-31,16844.123064
2015,2015-08-01,20439.813924999995
2015,2015-08-02,18697.203338
2015,2015-08-03,26405.517850999997
2015,2015-08-04,25918.514481999995
2015,2015-08-05,24743.335045999997
2015,2015-08-06,24101.281884000004
2015,2015-08-07,24705.875333000007
2015,2015-08-08,24708.757502999997
2015,2015-08-09,19862.911914999997
2015,2015-08-10,27537.54273
2015,2015-08-11,26113.080479999997
2015,2015-08-12,24694.405688000003
2015,2015-08-13,24979.596334999995
2015,2015-08-14,25080.048162999996
2015,2015-08-15,23894.683929000003
2015,2015-08-16,19399.216904999994
2015,2015-08-17,27271.522936999994
2015,2015-08-18,25784.012807000003
2015,2015-08-19,25256.212173
2015,2015-08-20,24364.926369999997
2015,2015-08-21,23514.998260999993
2015,2015-08-22,23423.580957
2015,2015-08-23,19806.862221999996
2015,2015-08-24,26331.180117000004
2015,2015-08-25,24252.960022
2015,2015-08-26,23936.184903999998
2015,2015-08-27,23559.308982
2015,2015-08-28,22715.030183999996
2015,2015-08-29,22837.610892
2015,2015-08-30,18083.627983
2015,2015-08-31,21213.100383999998
2015,2015-09-01,22535.103758000005
2015,2015-09-02,24884.703854
2015,2015-09-03,25282.964939999998
2015,2015-09-04,25452.533346999993
2015,2015-09-05,24251.999784999996
2015,2015-09-06,20097.883753
2015,2015-09-07,25861.847028999997
2015,2015-09-08,25469.505901999997
2015,2015-09-09,24129.057279999997
2015,2015-09-10,23921.165762
2015,2015-09-11,23364.426845999995
2015,2015-09-12,24343.052324999997
2015,2015-09-13,20357.568215000003
2015,2015-09-14,27109.918778
2015,2015-09-15,26165.36691
2015,2015-09-16,25279.629161999997
2015,2015-09-17,25957.084978
2015,2015-09-18,25605.982568
2015,2015-09-19,24018.971550000002
2015,2015-09-20,20147.29171
2015,2015-09-21,28804.609793
2015,2015-09-22,27951.613220000003
2015,2015-09-23,28288.811106999998
2015,2015-09-24,29386.309375999997
2015,2015-09-25,25883.055894
2015,2015-09-26,23831.458962999997
2015,2015-09-27,20675.066311000006
2015,2015-09-28,26600.769519999998
2015,2015-09-29,25481.312365
2015,2015-09-30,20933.182702
2015,2015-10-01,21947.836725999998
2015,2015-10-02,22560.138325
2015,2015-10-03,23359.770087000004
2015,2015-10-04,18414.309548
2015,2015-10-05,25528.117876999997
2015,2015-10-06,24723.987200999996
2015,2015-10-07,25436.705707
2015,2015-10-08,24874.952803
2015,2015-10-09,23606.126675000003
2015,2015-10-10,21876.967400999998
2015,2015-10-11,17906.409729
2015,2015-10-12,25807.542722000002
2015,2015-10-13,24224.358932
2015,2015-10-14,23855.369009
2015,2015-10-15,24012.798694999998
2015,2015-10-16,23250.882979999995
2015,2015-10-17,22115.183290999994
2015,2015-10-18,17947.918739999997
2015,2015-10-19,25352.747760000002
2015,2015-10-20,23573.960058999994
2015,2015-10-21,23416.311459
2015,2015-10-22,22942.077886
2015,2015-10-23,22479.098850000002
2015,2015-10-24,22905.327241
2015,2015-10-25,18362.788875
2015,2015-10-26,24503.794685999997
2015,2015-10-27,23364.400331999994
2015,2015-10-28,25215.627989
2015,2015-10-29,23447.214472
2015,2015-10-30,20406.647426
2015,2015-10-31,16736.205553
2015,2015-11-01,17438.874247000003
2015,2015-11-02,26337.910328999995
2015,2015-11-03,27159.185109000005
2015,2015-11-04,28668.132902999994
2015,2015-11-05,28715.311393000004
2015,2015-11-06,29455.815773
2015,2015-11-07,30614.242477999996
2015,2015-11-08,27020.970334999998
2015,2015-11-09,37397.636725
2015,2015-11-10,33753.365861
2015,2015-11-11,34096.780777
2015,2015-11-12,34123.152430999995
2015,2015-11-13,33401.339515
2015,2015-11-14,33361.019486
2015,2015-11-15,28945.486226000008
2015,2015-11-16,37068.456351000008
2015,2015-11-17,34988.589855
2015,2015-11-18,34775.178045999994
2015,2015-11-19,33843.146434000009
2015,2015-11-20,33561.25450399999
2015,2015-11-21,34813.984699
2015,2015-11-22,29083.641085
2015,2015-11-23,37001.917089
2015,2015-11-24,35705.802437000006
2015,2015-11-25,33549.765084
2015,2015-11-26,28522.794786
2015,2015-11-27,38863.286820999994
2015,2015-11-28,35640.358809000005
2015,2015-11-29,30436.175174000004
2015,2015-11-30,32594.830017
2015,2015-12-01,34671.056150000004
2015,2015-12-02,33000.627058000005
2015,2015-12-03,32496.584672999994
2015,2015-12-04,32544.404629999994
2015,2015-12-05,33739.974500000004
2015,2015-12-06,28648.951443000009
2015,2015-12-07,34801.471298000004
2015,2015-12-08,34035.287703
2015,2015-12-09,34263.367968000006
2015,2015-12-10,34936.964136999995
2015,2015-12-11,33680.656555000009
2015,2015-12-12,34259.572156999995
2015,2015-12-13,29748.037727999996
2015,2015-12-14,37685.549654999995
2015,2015-12-15,36420.418022999991
2015,2015-12-16,35440.252271
2015,2015-12-17,35431.681116
2015,2015-12-18,34306.96286
2015,2015-12-19,36069.257280999991
2015,2015-12-20,31117.481533000009
2015,2015-12-21,40265.177633
2015,2015-12-22,38859.702328
2015,2015-12-23,36286.857760000006
2015,2015-12-24,29016.206059999993
2015,2015-12-25,27668.849011999995
2015,2015-12-26,39589.740562000006
2015,2015-12-27,35423.206565
2015,2015-12-28,47362.88008
2015,2015-12-29,42111.458966
2015,2015-12-30,38054.4673
2015,2015-12-31,24918.125445999995
2016,2016-01-01,24466.400482
2016,2016-01-02,26327.833521
2016,2016-01-03,21743.639269999985
2016,2016-01-04,26707.932119000008
2016,2016-01-05,26292.603379999993
2016,2016-01-06,25194.834920999994
2016,2016-01-07,24267.053175999998
2016,2016-01-08,24180.223963
2016,2016-01-09,24187.244126999998
2016,2016-01-10,21336.914929
2016,2016-01-11,24848.985350999996
2016,2016-01-12,22749.903745000003
2016,2016-01-13,22397.620013999996
2016,2016-01-14,23647.307784999997
2016,2016-01-15,23260.101264000004
2016,2016-01-16,24628.708175999993
2016,2016-01-17,20952.151085
2016,2016-01-18,25498.218092000003
2016,2016-01-19,23902.893302999997
2016,2016-01-20,23530.518916999998
2016,2016-01-21,23119.789357999995
2016,2016-01-22,22700.648954999997
2016,2016-01-23,22601.868983999997
2016,2016-01-24,20055.582866999997
2016,2016-01-25,24398.698398999994
2016,2016-01-26,23864.987620000004
2016,2016-01-27,24308.111833999996
2016,2016-01-28,24504.198279999997
2016,2016-01-29,23177.616875999996
2016,2016-01-30,24628.112347
2016,2016-01-31,18701.969456000003
2016,2016-02-01,27034.269434999991
2016,2016-02-02,26134.251979
2016,2016-02-03,25528.195646000004
2016,2016-02-04,24801.024461999994
2016,2016-02-05,24908.550811
2016,2016-02-06,24901.176899000002
2016,2016-02-07,20388.425501999991
2016,2016-02-08,28422.635443
2016,2016-02-09,27565.769297
2016,2016-02-10,27140.078614
2016,2016-02-11,27121.445251999998
2016,2016-02-12,27117.729380999997
2016,2016-02-13,26325.563639000007
2016,2016-02-14,21770.422722999992
2016,2016-02-15,30513.77599699999
2016,2016-02-16,26855.543133999996
2016,2016-02-17,26263.408484
2016,2016-02-18,26646.861955999997
2016,2016-02-19,28205.899150999998
2016,2016-02-20,27013.627006000006
2016,2016-02-21,22891.060261000002
2016,2016-02-22,29448.039743
2016,2016-02-23,27772.973206
2016,2016-02-24,26914.948961999995
2016,2016-02-25,26309.884612000005
2016,2016-02-26,26015.114121999995
2016,2016-02-27,26386.398877999996
2016,2016-02-28,21582.327352000004
2016,2016-02-29,24582.005829999995
2016,2016-03-01,26064.126135999995
2016,2016-03-02,25179.415784999997
2016,2016-03-03,24317.335893000003
2016,2016-03-04,24864.640311871186
2016,2016-03-05,24810.224894731004
2016,2016-03-06,20397.2462912099
2016,2016-03-07,26963.759762564983
2016,2016-03-08,25933.169541333737
2016,2016-03-09,25792.198323855035
2016,2016-03-10,25720.898135847161
2016,2016-03-11,25280.83809592032
2016,2016-03-12,24562.251842326921
2016,2016-03-13,20584.69742746912
2016,2016-03-14,28548.42163833942
2016,2016-03-15,27242.437163534974
2016,2016-03-16,25855.43127256132
2016,2016-03-17,25911.714586320384
2016,2016-03-18,27703.442447067519
2016,2016-03-19,28132.163248047727
2016,2016-03-20,23880.54085820714
2016,2016-03-21,31951.622641766138
2016,2016-03-22,29023.37183182584
2016,2016-03-23,29009.648531656716
2016,2016-03-24,29204.822520926606
2016,2016-03-25,29895.885287697783
2016,2016-03-26,26589.528336725183
2016,2016-03-27,21411.802275819886
2016,2016-03-28,30267.249408330965
2016,2016-03-29,26793.441226533741
2016,2016-03-30,26607.843825839969
2016,2016-03-31,23508.031887281264
2016,2016-04-01,27897.641408225245
2016,2016-04-02,26490.288888533367
2016,2016-04-03,21302.248062125709
2016,2016-04-04,30422.489242780503
2016,2016-04-05,28310.057743582045
2016,2016-04-06,27435.828175623268
2016,2016-04-07,27336.501844084476
2016,2016-04-08,27533.768993776346
2016,2016-04-09,26185.458591528062
2016,2016-04-10,21938.740839430957
2016,2016-04-11,30572.720893017507
2016,2016-04-12,28088.551093334285
2016,2016-04-13,27166.058641523097
2016,2016-04-14,26917.901292224764
2016,2016-04-15,27063.949855389365
2016,2016-04-16,25918.463728071485
2016,2016-04-17,21865.155952297904
2016,2016-04-18,30921.825669296784
2016,2016-04-19,29703.997035224864
2016,2016-04-20,29317.951700058711
2016,2016-04-21,29985.770782229862
2016,2016-04-22,28794.642159838437
2016,2016-04-23,26821.764436873142
2016,2016-04-24,23092.5520563654
2016,2016-04-25,31617.931472723583
2016,2016-04-26,29240.403092774337
2016,2016-04-27,28442.217066914021
2016,2016-04-28,26892.9069869495
2016,2016-04-29,25877.097335278195
2016,2016-04-30,24126.124776037261
2016,2016-05-01,21658.178041285395
2016,2016-05-02,30549.628077589539
2016,2016-05-03,27645.761930033721
2016,2016-05-04,28200.087477844649
2016,2016-05-05,26109.27252119502
2016,2016-05-06,26794.472960832005
2016,2016-05-07,24592.149406239696
2016,2016-05-08,20154.813063729533
2016,2016-05-09,31178.267152108856
2016,2016-05-10,29332.637982441032
2016,2016-05-11,28554.626588725303
2016,2016-05-12,27968.408450787978
2016,2016-05-13,27497.127326190715
2016,2016-05-14,26544.569618010162
2016,2016-05-15,20854.865491610013
2016,2016-05-16,31424.684008063265
2016,2016-05-17,29738.120865223187
2016,2016-05-18,28420.538566363859
2016,2016-05-19,28587.676499242443
2016,2016-05-20,27490.01101964591
2016,2016-05-21,26221.372657103751
2016,2016-05-22,21703.898623970868
2016,2016-05-23,30879.575379133697
2016,2016-05-24,30108.051972617606
2016,2016-05-25,28144.721659020935
2016,2016-05-26,28213.826270779733
2016,2016-05-27,26993.312662013563
2016,2016-05-28,24399.138632785038
2016,2016-05-29,19493.406402818979
2016,2016-05-30,26255.755597900785
2016,2016-05-31,22171.081922647129
2016,2016-06-01,27587.928757435788
2016,2016-06-02,26111.934714465235
2016,2016-06-03,26738.769250462905
2016,2016-06-04,24968.447950349364
2016,2016-06-05,20703.284535675361
2016,2016-06-06,30087.533700946744
2016,2016-06-07,28474.531230349116
2016,2016-06-08,27806.255862686572
2016,2016-06-09,26723.764518728036
2016,2016-06-10,26293.871824026108
2016,2016-06-11,25349.115006798831
2016,2016-06-12,20438.016591945125
2016,2016-06-13,31120.728524498572
2016,2016-06-14,29398.660069031543
2016,2016-06-15,28481.548531916153
2016,2016-06-16,28575.407423360521
2016,2016-06-17,28265.751872016248
2016,2016-06-18,26033.2761978402
2016,2016-06-19,20520.631422483249
2016,2016-06-20,32084.435755341
2016,2016-06-21,30086.498450672836
2016,2016-06-22,30089.637163969226
2016,2016-06-23,30170.786133030586
2016,2016-06-24,29962.7150271552
2016,2016-06-25,27835.774001060141
2016,2016-06-26,23055.953954944158
2016,2016-06-27,32021.628234162661
2016,2016-06-28,31359.736116938271
2016,2016-06-29,28540.655553391462
2016,2016-06-30,23439.687130211194
2016,2016-07-01,28629.957817514365
2016,2016-07-02,26571.8698236436
2016,2016-07-03,20958.088344867152
2016,2016-07-04,27035.405105268183
2016,2016-07-05,30584.899907301369
2016,2016-07-06,29337.67593155002
2016,2016-07-07,28173.388022664814
2016,2016-07-08,28069.503869186945
2016,2016-07-09,27210.828072873392
2016,2016-07-10,22012.415526054931
2016,2016-07-11,30380.448031135867
2016,2016-07-12,29658.48450885811
2016,2016-07-13,28817.991504182271
2016,2016-07-14,24828.222480889217
2016,2016-07-15,28469.267676077823
2016,2016-07-16,27864.607057635432
2016,2016-07-17,22567.308666604546
2016,2016-07-18,33047.553397043965
2016,2016-07-19,30384.859493766737
2016,2016-07-20,29561.581581070735
2016,2016-07-21,29517.075874034694
2016,2016-07-22,27771.506734255618
2016,2016-07-23,27049.924956665738
2016,2016-07-24,20996.338757266079
2016,2016-07-25,31989.986106799195
2016,2016-07-26,28952.558998585435
2016,2016-07-27,28181.946963081286
2016,2016-07-28,26796.299993287987
2016,2016-07-29,26193.582883053819
2016,2016-07-30,24343.209075412888
2016,2016-07-31,18092.464009867821
2016,2016-08-01,30195.140839924738
2016,2016-08-02,28735.501328975373
2016,2016-08-03,27634.191568101411
2016,2016-08-04,26572.980298216662
2016,2016-08-05,27076.84593065851
2016,2016-08-06,25940.583444320306
2016,2016-08-07,20310.00455252569
2016,2016-08-08,30141.37877885238
2016,2016-08-09,28481.861768739043
2016,2016-08-10,27363.790706560805
2016,2016-08-11,28547.713923376356
2016,2016-08-12,28291.331545688252
2016,2016-08-13,27225.70598482979
2016,2016-08-14,21536.868028463417
2016,2016-08-15,32940.318683121368
2016,2016-08-16,31135.426708294766
2016,2016-08-17,29402.742526652175
2016,2016-08-18,29597.365343300269
2016,2016-08-19,29255.26863610639
2016,2016-08-20,27565.617783602833
2016,2016-08-21,21936.227759826987
2016,2016-08-22,32250.622207385321
2016,2016-08-23,29445.82594018364
2016,2016-08-24,28464.604075656727
2016,2016-08-25,27908.695507160308
2016,2016-08-26,27764.293257043551
2016,2016-08-27,26981.442515150611
2016,2016-08-28,21108.836477650511
2016,2016-08-29,29988.535988824231
2016,2016-08-30,26656.8062239942
2016,2016-08-31,22737.191181657814
2016,2016-09-01,28666.293688924423
2016,2016-09-02,28310.59189859726
2016,2016-09-03,26734.846957036687
2016,2016-09-04,21184.293460787121
2016,2016-09-05,30301.9029680408
2016,2016-09-06,29961.626708306456
2016,2016-09-07,28303.489579648085
2016,2016-09-08,27303.089358319055
2016,2016-09-09,27397.657433140696
2016,2016-09-10,25582.831347414478
2016,2016-09-11,19880.068091282206
2016,2016-09-12,30337.485238792338
2016,2016-09-13,28778.124583281948
2016,2016-09-14,28843.855576861282
2016,2016-09-15,28100.308759751144
2016,2016-09-16,28100.440028372497
2016,2016-09-17,27686.912195938439
2016,2016-09-18,22044.327176059709
2016,2016-09-19,32407.537657565968
2016,2016-09-20,30165.429128677693
2016,2016-09-21,29643.278762242404
2016,2016-09-22,29416.647736987921
2016,2016-09-23,29251.132177302468
2016,2016-09-24,28742.431018698549
2016,2016-09-25,22182.411329846513
2016,2016-09-26,32223.151822853015
2016,2016-09-27,30438.510349803331
2016,2016-09-28,29293.620359832843
2016,2016-09-29,27674.251262965689
2016,2016-09-30,23040.924628016706
2016,2016-10-01,25933.360131183377
2016,2016-10-02,20753.254801699528
2016,2016-10-03,29960.19464110543
2016,2016-10-04,27662.623162826312
2016,2016-10-05,26107.467468315892
2016,2016-10-06,25414.796315139407
2016,2016-10-07,25844.658851462274
2016,2016-10-08,26900.732497898414
2016,2016-10-09,21406.169162019636
2016,2016-10-10,30787.608651681279
2016,2016-10-11,29470.331376728947
2016,2016-10-12,28603.011219819484
2016,2016-10-13,28219.881765909009
2016,2016-10-14,27820.453397456207
2016,2016-10-15,27268.372760188791
2016,2016-10-16,22568.540503476965
2016,2016-10-17,32658.283431318043
2016,2016-10-18,30222.615856597506
2016,2016-10-19,29267.315692318411
2016,2016-10-20,29850.59943368279
2016,2016-10-21,29903.181275183375
2016,2016-10-22,28299.271454969708
2016,2016-10-23,24299.995460282084
2016,2016-10-24,32948.7117521336
2016,2016-10-25,31473.579966965983
2016,2016-10-26,30155.868774419709
2016,2016-10-27,29960.819043432937
2016,2016-10-28,29544.977011786206
2016,2016-10-29,28703.203223149976
2016,2016-10-30,22726.940141603704
2016,2016-10-31,27541.038382469422
2016,2016-11-01,30303.829785533355
2016,2016-11-02,28649.630865898042
2016,2016-11-03,28017.985533957577
2016,2016-11-04,28117.008758597658
2016,2016-11-05,27488.657964417063
2016,2016-11-06,21705.835382386285
2016,2016-11-07,30560.814386175934
2016,2016-11-08,27477.053824831928
2016,2016-11-09,25802.239161917056
2016,2016-11-10,28467.937828943119
2016,2016-11-11,29159.24279228217
2016,2016-11-12,27543.206482419024
2016,2016-11-13,23053.885405035711
2016,2016-11-14,32488.480298404455
2016,2016-11-15,31816.423503358579
2016,2016-11-16,30017.045332697329
2016,2016-11-17,29629.090689526711
2016,2016-11-18,29200.365788318431
2016,2016-11-19,28643.749457512662
2016,2016-11-20,24096.105416294024
2016,2016-11-21,33253.649378552116
2016,2016-11-22,30724.63339239002
2016,2016-11-23,29351.829768637908
2016,2016-11-24,24346.925064310541
2016,2016-11-25,31835.311358729436
2016,2016-11-26,28530.929819903744
2016,2016-11-27,23146.526597683456
2016,2016-11-28,32440.430250940241
2016,2016-11-29,30244.208201479221
2016,2016-11-30,25845.67567693954
2016,2016-12-01,27583.818286780661
2016,2016-12-02,27078.848428735106
2016,2016-12-03,25461.510262558611
2016,2016-12-04,20958.624924223972
2016,2016-12-05,30988.508260314564
2016,2016-12-06,29291.285170123694
2016,2016-12-07,28689.061881273814
2016,2016-12-08,29585.952206822036
2016,2016-12-09,28240.734933917756
2016,2016-12-10,26748.156429698334
2016,2016-12-11,21828.6915696553
2016,2016-12-12,29881.266080561218
2016,2016-12-13,30660.576186870454
2016,2016-12-14,29657.41421023574
2016,2016-12-15,29535.276259644525
2016,2016-12-16,28556.190216353654
2016,2016-12-17,26896.568740687238
2016,2016-12-18,21954.178920690261
2016,2016-12-19,34092.659145909347
2016,2016-12-20,31154.308881965761
2016,2016-12-21,29889.289374931257
2016,2016-12-22,29736.413494976652
2016,2016-12-23,28350.353695727714
2016,2016-12-24,21446.948827567034
2016,2016-12-25,18330.151950613268
2016,2016-12-26,35804.736713051068
2016,2016-12-27,34337.577973464824
2016,2016-12-28,34760.767440707707
2016,2016-12-29,33357.192759302765
2016,2016-12-30,29701.304240064113
2016,2016-12-31,23990.566764740528
2017,2017-01-01,22754.521421181558
2017,2017-01-02,34542.600070134613
2017,2017-01-03,30878.429677258486
2017,2017-01-04,28246.100504313792
2017,2017-01-05,27716.8525819554
2017,2017-01-06,25867.953323094076
2017,2017-01-07,26126.494258750779
2017,2017-01-08,20869.652339090342
2017,2017-01-09,30213.278137316887
2017,2017-01-10,28353.840021245305
2017,2017-01-11,27781.494314543121
2017,2017-01-12,27519.019177581158
2017,2017-01-13,27836.433146667783
2017,2017-01-14,28735.795509793807
2017,2017-01-15,22428.409927687586
2017,2017-01-16,31384.072053302203
2017,2017-01-17,29285.384131041777
2017,2017-01-18,29305.748858487535
2017,2017-01-19,29184.267982954378
2017,2017-01-20,27901.7970058139
2017,2017-01-21,28696.651563546136
2017,2017-01-22,23335.302014360808
2017,2017-01-23,31681.654235664439
2017,2017-01-24,30459.139119292977
2017,2017-01-25,30035.493855270634
2017,2017-01-26,28635.485560378758
2017,2017-01-27,29112.265016492616
2017,2017-01-28,29278.623454398767
2017,2017-01-29,23366.65653245915
2017,2017-01-30,31140.567237932602
2017,2017-01-31,23675.521106874519
2017,2017-02-01,29645.646414046518
2017,2017-02-02,28517.732158479972
2017,2017-02-03,29039.050472092742
2017,2017-02-04,29610.360954956457
2017,2017-02-05,21719.598967053611
2017,2017-02-06,32183.546383970413
2017,2017-02-07,31848.598506149392
2017,2017-02-08,29474.582048628061
2017,2017-02-09,29240.490119546386
2017,2017-02-10,30108.174938770353
2017,2017-02-11,30813.205091773441
2017,2017-02-12,24026.56838249982
2017,2017-02-13,32834.169983883832
2017,2017-02-14,29851.219659331447
2017,2017-02-15,32186.980560829048
2017,2017-02-16,32084.593630093605
2017,2017-02-17,32462.118356728755
2017,2017-02-18,33760.922320435617
2017,2017-02-19,27276.454015366442
2017,2017-02-20,38044.317354383878
2017,2017-02-21,34987.206093320085
2017,2017-02-22,33391.290481918855
2017,2017-02-23,32742.221835235268
2017,2017-02-24,32134.339878004033
2017,2017-02-25,32791.904284125834
2017,2017-02-26,24618.560858000423
2017,2017-02-27,32457.303940013993
2017,2017-02-28,26675.74414907788
2017,2017-03-01,29586.016635505028
2017,2017-03-02,28826.379546665157
2017,2017-03-03,28296.068461691117
2017,2017-03-04,28851.698934563417
2017,2017-03-05,22165.293227561069
2017,2017-03-06,32535.971968342514
2017,2017-03-07,29724.198694654049
2017,2017-03-08,29030.93497557774
2017,2017-03-09,29310.989844807649
2017,2017-03-10,29405.144893721881
2017,2017-03-11,28568.459020317034
2017,2017-03-12,21914.834601658706
2017,2017-03-13,31345.386986268004
2017,2017-03-14,29411.959722254825
2017,2017-03-15,30220.775599377295
2017,2017-03-16,29658.715295810463
2017,2017-03-17,29738.341184606285
2017,2017-03-18,30922.603280262752
2017,2017-03-19,24181.1353963971
2017,2017-03-20,34638.890294554411
2017,2017-03-21,32636.640027604171
2017,2017-03-22,32406.775720818867
2017,2017-03-23,32087.483413516948
2017,2017-03-24,32039.671541731306
2017,2017-03-25,32444.172303849475
2017,2017-03-26,25269.300971478027
2017,2017-03-27,33476.293642958655
2017,2017-03-28,31405.155317164379
2017,2017-03-29,29513.079224250971
2017,2017-03-30,27718.509115403795
2017,2017-03-31,24903.307083694741
2017,2017-04-01,29097.503259224348
2017,2017-04-02,22661.277666301234
2017,2017-04-03,32020.845586970434
2017,2017-04-04,30172.420244999979
2017,2017-04-05,29015.283568404579
2017,2017-04-06,28398.050593436827
2017,2017-04-07,28878.864849818157
2017,2017-04-08,28711.125018750521
2017,2017-04-09,22223.685420314359
2017,2017-04-10,32497.814541384349
2017,2017-04-11,30946.930505956723
2017,2017-04-12,31496.60192762905
2017,2017-04-13,30700.573292058783
2017,2017-04-14,31636.354010688916
2017,2017-04-15,31027.050929422723
2017,2017-04-16,21910.188460751822
2017,2017-04-17,36739.040072061049
2017,2017-04-18,34099.390265249785
2017,2017-04-19,35449.614490415879
2017,2017-04-20,33771.75038965109
2017,2017-04-21,32266.000192126896
2017,2017-04-22,32025.296266311248
2017,2017-04-23,24722.716682017304
2017,2017-04-24,36654.763669497544
2017,2017-04-25,34859.61471009568
2017,2017-04-26,32695.5756563063
2017,2017-04-27,31397.674696018683
2017,2017-04-28,30503.836424723806
2017,2017-04-29,30535.324577048665
2017,2017-04-30,22316.117607166474
2017,2017-05-01,29905.464122435336
2017,2017-05-02,30787.032926584361
2017,2017-05-03,29767.742013948853
2017,2017-05-04,29224.735533644463
2017,2017-05-05,28697.209149576462
2017,2017-05-06,29790.08619216688
2017,2017-05-07,23670.199270266003
2017,2017-05-08,30455.8210827973
2017,2017-05-09,31527.156613191302
2017,2017-05-10,30272.810250387058
2017,2017-05-11,30615.382283775205
2017,2017-05-12,29313.359877423303
2017,2017-05-13,29308.736228077283
2017,2017-05-14,22812.772633787881
2017,2017-05-15,34915.608722199882
2017,2017-05-16,34030.61667317932
2017,2017-05-17,34114.8449785834
2017,2017-05-18,34637.368278362206
2017,2017-05-19,32774.924540304688
2017,2017-05-20,31430.043991298618
2017,2017-05-21,26263.279182396582
2017,2017-05-22,35874.730798323522
2017,2017-05-23,33024.743743089239
2017,2017-05-24,31697.347765034221
2017,2017-05-25,31214.994465624841
2017,2017-05-26,31083.950623893361
2017,2017-05-27,30689.158591514664
2017,2017-05-28,25028.592800167855
2017,2017-05-29,31468.750047461665
2017,2017-05-30,31008.676855103444
2017,2017-05-31,25280.062074981484
2017,2017-06-01,29999.251377471144
2017,2017-06-02,29455.553549031145
2017,2017-06-03,29387.464323165361
2017,2017-06-04,24921.54252677154
2017,2017-06-05,34179.979018722923
2017,2017-06-06,32296.356238095737
2017,2017-06-07,30480.252644324566
2017,2017-06-08,29374.462624462245
2017,2017-06-09,29762.31760708402
2017,2017-06-10,30930.1030044466
2017,2017-06-11,25662.026118389564
2017,2017-06-12,34847.776541134022
2017,2017-06-13,31787.364737680618
2017,2017-06-14,32075.883513004821
2017,2017-06-15,31630.24481677416
2017,2017-06-16,31744.796377421404
2017,2017-06-17,32005.388106920182
2017,2017-06-18,25223.514269115942
2017,2017-06-19,35525.368994397279
2017,2017-06-20,33945.3147419499
2017,2017-06-21,32446.743115323137
2017,2017-06-22,31614.1899392889
2017,2017-06-23,31976.423603236497
2017,2017-06-24,32011.108938922403
2017,2017-06-25,26046.515711699722
2017,2017-06-26,34760.121941087578
2017,2017-06-27,32009.152622418802
2017,2017-06-28,31068.197148602037
2017,2017-06-29,30019.71104205852
2017,2017-06-30,28954.974966138998
2017,2017-07-01,29116.300326247096
2017,2017-07-02,23299.639174903361
2017,2017-07-03,32443.075604103262
2017,2017-07-04,26114.384148715704
2017,2017-07-05,31924.852697902981
2017,2017-07-06,31747.785539614717
2017,2017-07-07,29514.793152218965
2017,2017-07-08,29544.685219972882
2017,2017-07-09,23360.6490092839
2017,2017-07-10,32964.805579012114
2017,2017-07-11,31384.7806508679
2017,2017-07-12,32133.156889771362
2017,2017-07-13,32304.276592817328
2017,2017-07-14,31696.898056292837
2017,2017-07-15,31131.716828031036
2017,2017-07-16,25067.713443928267
2017,2017-07-17,36312.897081812815
2017,2017-07-18,33797.292104122513
2017,2017-07-19,32603.566669600714
2017,2017-07-20,32128.440498145876
2017,2017-07-21,31177.774921644443
2017,2017-07-22,31052.303285779697
2017,2017-07-23,26482.141180846236
2017,2017-07-24,35660.571571766537
2017,2017-07-25,32561.085465941764
2017,2017-07-26,31257.901084997735
2017,2017-07-27,30085.5475945596
2017,2017-07-28,29697.977737801419
2017,2017-07-29,28772.878522897143
2017,2017-07-30,21909.755189413481
2017,2017-07-31,28202.608056940921
2017,2017-08-01,29817.097398150338
2017,2017-08-02,29783.082347956359
2017,2017-08-03,29428.724726704102
2017,2017-08-04,30304.390966054219
2017,2017-08-05,29551.314258952454
2017,2017-08-06,23467.969073161719
2017,2017-08-07,33822.547932273
2017,2017-08-08,28014.053654735777
2017,2017-08-09,25643.742590538277
2017,2017-08-10,24641.669004790965
2017,2017-08-11,25450.694434490179
2017,2017-08-12,26039.461276166236
2017,2017-08-13,21572.892603485325
2017,2017-08-14,31597.265478977519
2017,2017-08-15,35192.318182194758
2017,2017-08-16,35795.935268101421
2017,2017-08-17,33222.991034082064
2017,2017-08-18,33921.811506098231
2017,2017-08-19,34613.82660630114
2017,2017-08-20,28457.525424467742
2017,2017-08-21,35401.872633692459
2017,2017-08-22,35370.374164626883
2017,2017-08-23,33576.435520688123
2017,2017-08-24,33123.818145454148
2017,2017-08-25,33023.736750698044
2017,2017-08-26,33611.196824124861
2017,2017-08-27,26438.592525360222
2017,2017-08-28,34077.365003236438
2017,2017-08-29,31336.978271029355
2017,2017-08-30,30338.960078511322
2017,2017-08-31,27032.524907048421
2017,2017-09-01,31092.102119865565
2017,2017-09-02,31919.878424056704
2017,2017-09-03,27207.617551104981
2017,2017-09-04,33450.413779879942
2017,2017-09-05,30968.202702887924
2017,2017-09-06,29066.942171362058
2017,2017-09-07,28382.562779342697
2017,2017-09-08,26488.625040164188
2017,2017-09-09,26790.236835363703
2017,2017-09-10,21529.297817858438
2017,2017-09-11,29580.660766242123
2017,2017-09-12,29014.097636329054
2017,2017-09-13,29502.135511826065
2017,2017-09-14,30600.68924840416
2017,2017-09-15,30583.039723938022
2017,2017-09-16,31462.979049951005
2017,2017-09-17,27140.536352662424
2017,2017-09-18,34409.741191066394
2017,2017-09-19,33304.2030126339
2017,2017-09-20,33026.768267633248
2017,2017-09-21,34131.451058908577
2017,2017-09-22,35189.223249663453
2017,2017-09-23,35582.054816692253
2017,2017-09-24,29462.567380242879
2017,2017-09-25,36581.926486208395
2017,2017-09-26,34876.748181243776
2017,2017-09-27,34240.483437327355
2017,2017-09-28,33162.2386903969
2017,2017-09-29,30718.031193086397
2017,2017-09-30,28172.544155684776
2017,2017-10-01,25578.41306211854
2017,2017-10-02,30598.42492819652
2017,2017-10-03,31507.406743235355
2017,2017-10-04,29378.275647584782
2017,2017-10-05,30013.874661232818
2017,2017-10-06,30123.030687100465
2017,2017-10-07,30964.4114495215
2017,2017-10-08,25538.12624552186
2017,2017-10-09,33241.296124176981
2017,2017-10-10,31178.812213004021
2017,2017-10-11,31023.645383620657
2017,2017-10-12,31129.0688940662
2017,2017-10-13,30875.052923847186
2017,2017-10-14,32557.285621980936
2017,2017-10-15,27976.671302505976
2017,2017-10-16,34603.254118480356
2017,2017-10-17,32218.467371917879
2017,2017-10-18,32315.409600549883
2017,2017-10-19,32571.583268010556
2017,2017-10-20,31658.865466400213
2017,2017-10-21,33667.788130866662
2017,2017-10-22,28088.786450791424
2017,2017-10-23,36064.061645364025
2017,2017-10-24,34104.282541159315
2017,2017-10-25,32814.188610934987
2017,2017-10-26,33098.193015249577
2017,2017-10-27,31415.13706517324
2017,2017-10-28,32332.371540728014
2017,2017-10-29,26134.456958480478
2017,2017-10-30,30270.694190335977
2017,2017-10-31,23802.092243046576
2017,2017-11-01,29916.842696515687
2017,2017-11-02,29189.467005089242
2017,2017-11-03,28950.614513959445
2017,2017-11-04,29972.522390933696
2017,2017-11-05,26630.375108996559
2017,2017-11-06,31942.9802121567
2017,2017-11-07,29813.197916156041
2017,2017-11-08,29830.623966907438
2017,2017-11-09,30511.567408198935
2017,2017-11-10,29981.616170961541
2017,2017-11-11,32496.534312639033
2017,2017-11-12,27893.340236286316
2017,2017-11-13,32674.922341419282
2017,2017-11-14,31039.486685111478
2017,2017-11-15,31001.596402358522
2017,2017-11-16,31441.474063177258
2017,2017-11-17,31410.629562395927
2017,2017-11-18,33212.4681279566
2017,2017-11-19,28901.296533316563
2017,2017-11-20,34071.896700768666
2017,2017-11-21,31955.781478265377
2017,2017-11-22,31068.429950839
2017,2017-11-23,27297.762964683359
2017,2017-11-24,35873.15588563987
2017,2017-11-25,33135.275814148757
2017,2017-11-26,28199.454572735347
2017,2017-11-27,32936.159657978686
2017,2017-11-28,30339.929565839062
2017,2017-11-29,28677.144788818259
2017,2017-11-30,28042.586031338418
2017,2017-12-01,28024.65445670392
2017,2017-12-02,30035.766718901705
2017,2017-12-03,26205.655634410359
2017,2017-12-04,32217.381920384963
2017,2017-12-05,29871.126879605159
2017,2017-12-06,29416.970632396566
2017,2017-12-07,30355.2141785675
2017,2017-12-08,30137.480495692122
2017,2017-12-09,31643.096673125183
2017,2017-12-10,27011.877481822765
2017,2017-12-11,32856.672470863
2017,2017-12-12,31186.172014767584
2017,2017-12-13,30980.730907137502
2017,2017-12-14,31512.445210952941
2017,2017-12-15,31915.082007111858
2017,2017-12-16,33559.965460658823
2017,2017-12-17,28829.106377517597
2017,2017-12-18,35628.690991688825
2017,2017-12-19,34471.393886091122
2017,2017-12-20,34018.732672310958
2017,2017-12-21,32873.331701153686
2017,2017-12-22,33038.838751900286
2017,2017-12-23,31989.834741340648
2017,2017-12-24,21875.283480980146
2017,2017-12-25,25545.78579157202
2017,2017-12-26,40096.48645745009
2017,2017-12-27,39175.654344630115
2017,2017-12-28,36658.716680824167
2017,2017-12-29,32845.5924459106
2017,2017-12-30,30190.51007888998
2017,2017-12-31,19003.716945558182
2018,2018-01-01,26948.601950500535
2018,2018-01-02,30533.3347947422
2018,2018-01-03,29405.565794150003
2018,2018-01-04,28552.6636375458
2018,2018-01-05,29428.492950107284
2018,2018-01-06,31164.757458985947
2018,2018-01-07,26114.215807665518
2018,2018-01-08,30340.1948965222
2018,2018-01-09,29039.377440652981
2018,2018-01-10,28386.0578341515
2018,2018-01-11,27898.729538009928
2018,2018-01-12,29386.703310856181
2018,2018-01-13,32296.519343182743
2018,2018-01-14,27498.062015164243
2018,2018-01-15,32842.756001565875
2018,2018-01-16,29310.056233637646
2018,2018-01-17,29373.945219552606
2018,2018-01-18,30621.916340420907
2018,2018-01-19,31556.718098109555
2018,2018-01-20,33079.794149413487
2018,2018-01-21,28714.24347439874
2018,2018-01-22,32725.685586256761
2018,2018-01-23,30843.104106470262
2018,2018-01-24,29517.964557198542
2018,2018-01-25,29306.695358766603
2018,2018-01-26,28560.990433127106
2018,2018-01-27,31810.118044412404
2018,2018-01-28,28040.10882046694
2018,2018-01-29,31291.087661259182
2018,2018-01-30,27705.020106006821
2018,2018-01-31,24710.940876420478
2018,2018-02-01,28956.108875268037
2018,2018-02-02,29300.232060022819
2018,2018-02-03,32044.917209045943
2018,2018-02-04,24631.433629302323
2018,2018-02-05,31829.077631332715
2018,2018-02-06,31532.029394875146
2018,2018-02-07,29807.784412307657
2018,2018-02-08,31100.38402413881
2018,2018-02-09,30547.3785584784
2018,2018-02-10,33781.373433457637
2018,2018-02-11,28492.432323527606
2018,2018-02-12,34551.1182245414
2018,2018-02-13,32766.506581518461
2018,2018-02-14,30864.875972082624
2018,2018-02-15,33853.80605487938
2018,2018-02-16,35795.752082599181
2018,2018-02-17,37570.599919679385
2018,2018-02-18,31286.179945958498
2018,2018-02-19,40253.656897931884
2018,2018-02-20,35836.4899069445
2018,2018-02-21,35219.081542384527
2018,2018-02-22,34589.251490672883
2018,2018-02-23,35181.669487079758
2018,2018-02-24,37882.768112851758
2018,2018-02-25,31230.484510088478
2018,2018-02-26,35943.287822754479
2018,2018-02-27,32628.866764398485
2018,2018-02-28,28795.829835465658
2018,2018-03-01,30892.80350520954
2018,2018-03-02,30572.736092982006
2018,2018-03-03,32779.533815001661
2018,2018-03-04,27501.889883135165
2018,2018-03-05,31633.070630980284
2018,2018-03-06,29238.1417609799
2018,2018-03-07,29849.715713631398
2018,2018-03-08,29959.194612512205
2018,2018-03-09,30531.698721516805
2018,2018-03-10,33186.2729775502
2018,2018-03-11,27843.0646197
2018,2018-03-12,32410.772294545797
2018,2018-03-13,32381.178239519497
2018,2018-03-14,29901.834510650195
2018,2018-03-15,30497.290483629597
2018,2018-03-16,30727.891197030698
2018,2018-03-17,31815.158286250098
2018,2018-03-18,27360.543456500196
2018,2018-03-19,32096.1612792704
2018,2018-03-20,31254.469732600402
2018,2018-03-21,29795.009557400193
2018,2018-03-22,30051.099827757906
2018,2018-03-23,32032.535664515504
2018,2018-03-24,33988.5867060937
2018,2018-03-25,28879.5830086
2018,2018-03-26,33582.387516468996
2018,2018-03-27,32470.3658983188
2018,2018-03-28,31942.4533333501
2018,2018-03-29,30830.67000585
2018,2018-03-30,30564.7378280501
2018,2018-03-31,27811.832620957197
2018,2018-04-01,25061.1904994346
2018,2018-04-02,31315.342041000396
2018,2018-04-03,31915.4744655004
2018,2018-04-04,30605.439231623903
2018,2018-04-05,31010.310220225805
2018,2018-04-06,30817.103811300196
2018,2018-04-07,33189.316612049
2018,2018-04-08,27237.548666899991
2018,2018-04-09,32829.5199910773
2018,2018-04-10,31863.995667997595
2018,2018-04-11,32228.364330833898
2018,2018-04-12,31865.660753848802
2018,2018-04-13,32219.823365220604
2018,2018-04-14,33566.4495321054
2018,2018-04-15,29697.252777949998
2018,2018-04-16,35281.8376663984
2018,2018-04-17,34502.1346832945
2018,2018-04-18,33154.031899790694
2018,2018-04-19,32783.289232500996
2018,2018-04-20,32310.7116026173
2018,2018-04-21,32861.3186448
2018,2018-04-22,28721.004117999997
2018,2018-04-23,34563.637630806392
2018,2018-04-24,34090.751501077393
2018,2018-04-25,33391.307913456
2018,2018-04-26,31871.908470500202
2018,2018-04-27,33181.264773350194
2018,2018-04-28,33292.6335549521
2018,2018-04-29,28323.064780649995
2018,2018-04-30,31389.120447906098
2018,2018-05-01,32569.624422683497
2018,2018-05-02,32511.402207973202
2018,2018-05-03,31707.1053810503
2018,2018-05-04,31515.4876384502
2018,2018-05-05,31575.4891771719
2018,2018-05-06,27069.500864050104
2018,2018-05-07,35444.306592272
2018,2018-05-08,32408.841437999603
2018,2018-05-09,31934.144867782907
2018,2018-05-10,31294.718847986507
2018,2018-05-11,31408.369974299996
2018,2018-05-12,32667.269441350403
2018,2018-05-13,27098.9530145
2018,2018-05-14,37905.9692561141
2018,2018-05-15,35778.0000529227
2018,2018-05-16,34624.971808148795
2018,2018-05-17,34526.743538458293
2018,2018-05-18,33056.223660900294
2018,2018-05-19,35035.469480371095
2018,2018-05-20,28970.303545649997
2018,2018-05-21,38208.5985623452
2018,2018-05-22,35694.2792073
2018,2018-05-23,33765.3428020169
2018,2018-05-24,33378.033884026408
2018,2018-05-25,34153.4233628477
2018,2018-05-26,32687.126012976107
2018,2018-05-27,28688.33630425
2018,2018-05-28,36143.66081540029
2018,2018-05-29,32969.6544312001
2018,2018-05-30,31723.785739969902
2018,2018-05-31,27611.262410205
2018,2018-06-01,30225.160859226395
2018,2018-06-02,31744.258374797602
2018,2018-06-03,26090.441037300003
2018,2018-06-04,34886.630423634495
2018,2018-06-05,33906.389901999995
2018,2018-06-06,33242.8363802001
2018,2018-06-07,32751.2583641515
2018,2018-06-08,32054.997222814898
2018,2018-06-09,33237.0904269811
2018,2018-06-10,28083.346029700002
2018,2018-06-11,36950.50700424939
2018,2018-06-12,35645.024830117996
2018,2018-06-13,34862.699123613755
2018,2018-06-14,34392.546438616067
2018,2018-06-15,34761.760040101195
2018,2018-06-16,34395.98681006462
2018,2018-06-17,29262.508441217618
2018,2018-06-18,40105.871484582327
2018,2018-06-19,37755.098451522004
2018,2018-06-20,37062.867618660785
2018,2018-06-21,35760.200195224
2018,2018-06-22,36704.28943914581
2018,2018-06-23,37160.809433564362
2018,2018-06-24,31921.565010096721
2018,2018-06-25,40213.121785853255
2018,2018-06-26,37070.817237364543
2018,2018-06-27,36747.0142710881
2018,2018-06-28,35404.804537140975
2018,2018-06-29,35542.639402387722
2018,2018-06-30,31186.136149894264
2018,2018-07-01,28831.303967230073
2018,2018-07-02,38988.0093745554
2018,2018-07-03,35999.730755934761
2018,2018-07-04,31091.344073476939
2018,2018-07-05,36043.140465895762
2018,2018-07-06,35786.207062492307
2018,2018-07-07,34489.722166809312
2018,2018-07-08,28948.762575762743
2018,2018-07-09,39043.185628928215
2018,2018-07-10,35657.337858838051
2018,2018-07-11,34288.814100344782
2018,2018-07-12,34359.500169097359
2018,2018-07-13,34876.711663721078
2018,2018-07-14,35270.039591505913
2018,2018-07-15,31031.478589949238
2018,2018-07-16,37158.452154857318
2018,2018-07-17,35829.278607675187
2018,2018-07-18,36319.312651568944
2018,2018-07-19,35729.281776192925
2018,2018-07-20,36240.288774886641
2018,2018-07-21,35826.911094260176
2018,2018-07-22,32522.21063667594
2018,2018-07-23,38174.308627026934
2018,2018-07-24,35976.5338236294
2018,2018-07-25,35957.458051009278
2018,2018-07-26,34981.133786209517
2018,2018-07-27,35422.045369165622
2018,2018-07-28,35859.921776474352
2018,2018-07-29,30215.751524210878
2018,2018-07-30,34733.526118660455
2018,2018-07-31,29561.573268498032
2018,2018-08-01,32820.960282351894
2018,2018-08-02,34297.824410970126
2018,2018-08-03,33823.6782142268
2018,2018-08-04,35428.394935297023
2018,2018-08-05,29731.2564401465
2018,2018-08-06,36801.371398692878
2018,2018-08-07,34749.380987823279
2018,2018-08-08,34011.258213529582
2018,2018-08-09,33719.963065240059
2018,2018-08-10,34609.117139723407
2018,2018-08-11,36311.943452809122
2018,2018-08-12,31943.215538776079
2018,2018-08-13,36961.032336940792
2018,2018-08-14,36059.4120755602
2018,2018-08-15,35643.722507999628
2018,2018-08-16,35946.715243650629
2018,2018-08-17,37318.260556515961
2018,2018-08-18,38980.116201229561
2018,2018-08-19,32904.046979815816
2018,2018-08-20,38332.637593554413
2018,2018-08-21,37327.611874174021
2018,2018-08-22,35967.072926565161
2018,2018-08-23,36713.209280935545
2018,2018-08-24,37045.48118103396
2018,2018-08-25,38008.042090675706
2018,2018-08-26,32869.330410745868
2018,2018-08-27,38951.425063699673
2018,2018-08-28,37944.513376304611
2018,2018-08-29,37404.8898868621
2018,2018-08-30,36908.076476071023
2018,2018-08-31,36058.49986695472
2018,2018-09-01,38241.383372452496
2018,2018-09-02,34241.735261549788
2018,2018-09-03,39985.770415092593
2018,2018-09-04,37477.7758572837
2018,2018-09-05,34994.680550772791
2018,2018-09-06,34539.771726026804
2018,2018-09-07,34355.509730237696
2018,2018-09-08,36958.4418881859
2018,2018-09-09,30852.728894499993
2018,2018-09-10,35665.7899252472
2018,2018-09-11,33765.6654355321
2018,2018-09-12,33953.3758266861
2018,2018-09-13,34880.815726221095
2018,2018-09-14,35742.280521382505
2018,2018-09-15,36325.7515931722
2018,2018-09-16,31043.437233659308
2018,2018-09-17,37026.9287659101
2018,2018-09-18,36028.149283978004
2018,2018-09-19,36281.614568138306
2018,2018-09-20,35677.2010005098
2018,2018-09-21,35782.029821101896
2018,2018-09-22,39392.419460512006
2018,2018-09-23,34259.58703395
2018,2018-09-24,39782.5608900307
2018,2018-09-25,37855.704911563196
2018,2018-09-26,37314.7982507399
2018,2018-09-27,33728.776004132
2018,2018-09-28,35801.7571770596
2018,2018-09-29,37766.425362936796
2018,2018-09-30,31531.594553789997
2018,2018-10-01,34355.9622588426
2018,2018-10-02,35130.819528980595
2018,2018-10-03,33383.2927369244
2018,2018-10-04,33045.772300527504
2018,2018-10-05,34404.082015722
2018,2018-10-06,34939.2303983526
2018,2018-10-07,30396.814908299995
2018,2018-10-08,36511.637731834795
2018,2018-10-09,34346.7153702589
2018,2018-10-10,33785.6822691153
2018,2018-10-11,32974.0877203842
2018,2018-10-12,32798.5287787976
2018,2018-10-13,33769.403704717704
2018,2018-10-14,28627.682727654163
2018,2018-10-15,36348.141981698056
2018,2018-10-16,34270.892382478378
2018,2018-10-17,34541.074505577395
2018,2018-10-18,33894.514797528012
2018,2018-10-19,34167.376478259153
2018,2018-10-20,36508.269741697426
2018,2018-10-21,30153.396642916243
2018,2018-10-22,38445.886133826585
2018,2018-10-23,36566.431328233011
2018,2018-10-24,36689.368392235294
2018,2018-10-25,36010.574748172243
2018,2018-10-26,37540.671591333681
2018,2018-10-27,38496.537568951841
2018,2018-10-28,32939.171406540707
2018,2018-10-29,38457.685954211942
2018,2018-10-30,34734.267993971589
2018,2018-10-31,30270.717697668682
2018,2018-11-01,34333.508578505418
2018,2018-11-02,35046.90577200993
2018,2018-11-03,37388.128529712943
2018,2018-11-04,32175.642710700329
2018,2018-11-05,36585.157523683818
2018,2018-11-06,33864.260539830866
2018,2018-11-07,35472.934527890822
2018,2018-11-08,35010.551128923493
2018,2018-11-09,35036.625676466254
2018,2018-11-10,37551.6365119247
2018,2018-11-11,32098.838114072027
2018,2018-11-12,38392.617200339184
2018,2018-11-13,36289.729043578409
2018,2018-11-14,36170.557081828963
2018,2018-11-15,36372.422099851028
2018,2018-11-16,36141.121882364278
2018,2018-11-17,39027.990848026282
2018,2018-11-18,33104.748699321
2018,2018-11-19,39815.549668479085
2018,2018-11-20,37781.748786610966
2018,2018-11-21,37390.730986058763
2018,2018-11-22,31722.310592348258
2018,2018-11-23,42679.923148704271
2018,2018-11-24,38886.856696165822
2018,2018-11-25,31945.296889847497
2018,2018-11-26,40924.217256658565
2018,2018-11-27,38076.90085801961
2018,2018-11-28,37922.317238986769
2018,2018-11-29,37940.293290683534
2018,2018-11-30,35773.404935673781
2018,2018-12-01,34949.649340543438
2018,2018-12-02,30935.058702849463
2018,2018-12-03,35966.9405191785
2018,2018-12-04,34173.838683526687
2018,2018-12-05,34742.841689777888
2018,2018-12-06,34238.018041117961
2018,2018-12-07,35134.805719786847
2018,2018-12-08,37055.68391085825
2018,2018-12-09,31684.997306071087
2018,2018-12-10,37992.606458028233
2018,2018-12-11,37294.148005972063
2018,2018-12-12,36262.3655861449
2018,2018-12-13,35824.016817459138
2018,2018-12-14,36627.156001621857
2018,2018-12-15,37798.218534087311
2018,2018-12-16,33153.353103580535
2018,2018-12-17,39926.578635466911
2018,2018-12-18,38677.752039603685
2018,2018-12-19,37104.818043653409
2018,2018-12-20,35813.876246776548
2018,2018-12-21,36552.542804889992
2018,2018-12-22,39388.283212948932
2018,2018-12-23,32371.809833739633
2018,2018-12-24,32319.205629075324
2018,2018-12-25,27192.457168614652
2018,2018-12-26,48816.586114975049
2018,2018-12-27,46630.88591011137
2018,2018-12-28,42211.42788575423
2018,2018-12-29,40843.2728471667
2018,2018-12-30,32523.4606931
2018,2018-12-31,33062.900035615821
